{"cameraMode":{"drawMode":0,"name":"Shaded","section":"Shading Mode"},"sceneLighting":true,"audioPlay":false,"sceneViewState":{"showFog":true,"showMaterialUpdate":false,"showSkybox":true,"showFlares":true,"showImageEffects":true,"showParticleSystems":true},"in2DMode":false,"pivot":{"x":-1.6112542152404786,"y":-2.5055131912231447,"z":-1.3753833770751954},"rotation":{"x":-0.0494583398103714,"y":0.9432790279388428,"z":-0.28437501192092898,"w":-0.1640567183494568},"size":14.077600479125977,"orthographic":false}