{"cameraMode":{"drawMode":0,"name":"Shaded","section":"Shading Mode"},"sceneLighting":true,"audioPlay":false,"sceneViewState":{"showFog":true,"showMaterialUpdate":false,"showSkybox":true,"showFlares":true,"showImageEffects":true,"showParticleSystems":true},"in2DMode":false,"pivot":{"x":0.0,"y":-0.0690000057220459,"z":0.04499998688697815},"rotation":{"x":0.5554336309432983,"y":-0.0062311263754963879,"z":0.004174883011728525,"w":0.831536054611206},"size":1.6870231628417969,"orthographic":true}